{"train_loss": [0.7366251498037442, 0.5124699282459915, 0.4681521038186144, 0.44188756887292996, 0.42445111425000837], "train_acc": [77.33555555555556, 83.04666666666667, 84.36222222222223, 85.09555555555555, 85.85555555555555], "val_loss": [0.5471818077413342, 0.5060726441914523, 0.5004590693153913, 0.48564564615865297, 0.46425632283657414], "val_acc": [81.44, 82.48, 82.56, 82.98, 84.0]}