{"train_loss": [2.2541837800632822, 2.1838736696676775, 2.134901014241305, 2.095334449952299, 2.0708680897951126], "train_acc": [22.553333333333335, 28.464444444444446, 29.88, 31.037777777777777, 31.288888888888888], "val_loss": [2.2165757191332083, 2.167478295821178, 2.1184977760797814, 2.086213655109647, 2.063400304770168], "val_acc": [26.9, 28.38, 29.82, 29.74, 31.0]}