{"train_loss": [0.617061274824664, 0.31645823442588816, 0.22441134159453213, 0.15998649180189453, 0.11571054804715625], "train_acc": [80.05111111111111, 89.88, 92.75111111111111, 94.72666666666667, 96.06888888888889], "val_loss": [0.3723447703862492, 0.3534575476299358, 0.3314307696079906, 0.3258725991354713, 0.3770834769629225], "val_acc": [88.0, 88.44, 89.36, 90.1, 89.42]}