{"train_loss": [1.6741901392936707, 0.43720614826679227, 0.22396708327531814, 0.1331230198442936, 0.09545013171434402], "train_acc": [50.325, 87.15, 92.775, 96.175, 97.225], "val_loss": [0.7346388958394527, 0.30861916160210967, 0.2980954325757921, 0.26467573014087975, 0.2692340963985771], "val_acc": [80.9, 91.3, 90.6, 92.1, 92.5]}