{"train_loss": [0.9222300891876221, 0.3654715857505798, 0.22492450621724128, 0.15830021342635156, 0.12840644881129265], "train_acc": [69.175, 88.15, 92.35, 94.825, 96.25], "val_loss": [0.6111098555848002, 0.5287426700815558, 0.5993650322780013, 0.6006820474285632, 0.5821682601235807], "val_acc": [79.1, 83.0, 82.9, 82.9, 83.9]}