{"train_loss": [2.653117370605469, 2.1201049194335937, 1.9847442016601562, 1.8531265258789062, 1.7822024536132812], "train_acc": [13.725, 18.925, 26.425, 30.375, 34.425], "val_loss": [2.175522804260254, 1.9686775207519531, 1.9663913249969482, 1.8842817544937134, 1.6998674869537354], "val_acc": [18.4, 24.8, 24.8, 31.7, 35.3]}